RowNumber,ItemSN,ItemName,Unit,NationalAMC
1,362,Acetazolamide - 250mg - Tablet,10x10,1680
2,31,Acetylsalicylic Acid - 81mg - Tablet( Enteric Coated),20x10,12774
3,56889,Actinomycin-D (Dactinomycin) - 0.5mg in Vial - Powder for injection,Each,550
4,173,Acyclovir - 200mg - Capsule,10x10,3866
5,306,Acyclovir - 3% - Eye Ointment,4.5 gm,2288
6,63314,Acyclovir - 500mg - Powder for Injection (Lyophilized),Each,652
7,56977,Adhesive Plaster Zinc Oxide - 7.5cm x 10m,Each,64059
8,1486,Adrenaline (Epinephrine) - 0.1% in 1ml Ampoule - Injection,10   ,8654
9,59774,ADVIA 560 - 5 Part Diff Consumable - ,1L,138
10,59775,"ADVIA 560 - 5 Part Tri-Level (L, N, H) Control - ",6x3ml,25
11,59748,ADVIA 560 - Calibrator - ,2X3ML,14
12,59747,ADVIA 560 - Diluent - ,20L,438
13,59750,ADVIA 560 - Hypoclean - ,100ml,76
14,59776,ADVIA 560 - Lyse - ,5L,204
15,63784,ADVIA 560 - Thermal Paper - ,Roll,0
16,196,Albendazole - 100mg/5ml - Oral Suspension,20ml,50814
17,455,Albendazole - 400mg - Tablet,10x10,7600
18,67293,Albuterol sulfate - 4mg - Tablet,10x10,0
19,57571,Alfacalcidol - 0.25mcg - Tablet,10x10,35
20,55343,All Trans Retinoic Acid (ATRA) - 10mg - Tablet,30,80
21,54958,Allopurinol - 100mg - Tablet,10x5,2264
22,54597,Alphacalcidiol - 0.5 mcg - Capsule,10x10,20
23,64381,Aluminium Hydroxide + Magnesium Hydroxide + Simethicon + Sodium Alginate - (125mg+250mg+50mg+100mg)/5ml - Suspension,200ml,162279
24,54732,Aminophyline - 250mg/10ml in 10ml Ampoule - Injection,5,3780
25,894,Amiodarone - 100mg - Tablet,10x3,350
26,74,Amitriptyline - 25mg - Tablet,10x10,14840
27,747,Amlodipine - 5mg - Tablet,10x10,15791
28,54334,Amoxicillin - 250mg/5ml - Oral Suspension,100ml,383840
29,118,Amoxicillin - 500mg - Capsule,50X10,65980
30,56825,Amoxicillin + Clavulanic Acid - (200mg + 28.5mg)/5ml - Oral Suspension,100ml,36570
31,938,Amoxicillin + Clavulanic Acid - (250mg + 62.5mg)/5ml - Oral Suspension,100ml,52452
32,56823,Amoxicillin + Clavulanic Acid - (500mg + 125mg) - Tablet,5x3,158005
33,55867,Ampicillin Sodium - 500mg in Vial - Injection,50,12873
34,56900,Anastrazole - 1mg - Tablet,30,850
35,57253,Anti-haemorrhoidal (Betamethasone Valerate + Phenylephrine HCl + Lidocaine HCl) - (0.5mg + 1mg + 25mg) - Ointment,20gm,26269
36,54860,Anti-haemorrhoidal (Hydrocortisone + Framycetin + Cinchocaine + Esculoside) - (5mg + 10mg + 5mg  10mg) - Suppository ,10   ,8806
37,55099,Anti-Rho (D) Immune Globulin - 300mcg in 2ml Vial - Injection,Each,3134
38,56202,Applicator Stick Wooden with Cotton Tip - 15cm x 2.2mm,100,0
39,2423,Applicator Wooden Stick - 15cm Long x diam. 2.5mm with Cotton,100,6274
40,56188,Applicator Wooden Stick with out Cotton Tip  - 15cm x 2.5mm,100,6765
41,55570,Apron Plastic Protection Against Most Chemicals - 80x120cm,Each,3490
42,55732,Arsenic Trioxide (ATO) - 1mg/1ml in 10ml Ampoule - Injection,Each,75
43,349,Atenolol - 50mg - Tablet,10x10,4409
44,64207,Atorvastatin - 40mg - Tablet,10x3,8128
45,50555,Atropine Sulphate - 1% eye drop,10ml,1280
46,55602,Atropine Sulphate - 1mg/ml in 1ml Ampoule - Injection,10x10,850
47,52081,Atrovastatin - 20mg - Tablet,10x10,12747
48,60856,Autoclave Indicator Tape - 1.9cmx5cm - ,Each,1745
49,54997,Azacitidine - 100mg in vial - Powder for Injection (Lyophilized),Each,75
50,53729,Azathioprine - 50mg - Tablet (Film Coated),10x5,110
51,51511,Azithromycin  - 500mg - Tablet,10x3,22135
52,52506,Azithromycine - 200mg/5ml - Oral Suspension,15ml,20103
53,56989,Bandage Elastic - 8cm x 5m,Each,30340
54,57356,Basiliximab - 20mg - Injection,Vial,8
55,54980,Beclometasone Dipropionate - 100mcg/dose - Aerosol (Oral Inhalation),200metered dose,14203
56,55243,Bendamustine Hydrochloride - 100mg in vial - Powder for Injection (Lyophilized),Each,231
57,1388,Benzhexol (Trihexyphenidyl HCL) - 2mg - Tablet,10x10,1061
58,1389,Benzhexol (Trihexyphenidyl HCL) - 5mg - Tablet,10x10,1042
59,1022,Betametasone Valarate - 0.1% - Cream,15gm,7262
60,1534,Betamethasone - 0.5mg - Tablet,10x10,169
61,64495,Betamethasone - 4mg/ml in 1ml Ampoule - Injection,5,410
62,63651,Betamethosone Diproprionate - 0.05% - Ointment,20gm,8468
63,5452,Bicalutamide - 50mg - Tablet,10x3,45
64,15,Bisacodyl - 5mg - Tablet,10x10,5335
65,54498,Bleomycine Sulphate - 15IU in Vial - Powder for Injection (Lyophillized),Each,470
66,57466,Blood Collecting  Bag CPDA1 Anticoagulant Quadruple - 450ml,Each,1485
67,57004,"Blood Collecting Bag  - Triple CPDAI Anticoagulant, 450ml - ",Each,229
68,57326,"Blood Collecting Bag, Single CPDA Anticoagulant - 350ml - ",Each,551
69,4710,Blood Transfusion Set  - ,Each,1341
70,54243,Bortezomib - 3.5mg in Vial - Powder for Injection (Lyophillized),Each,107
71,491,Bromazepam - 3mg - Tablet,10x10,325
72,1595,Bromocriptine Mesylate - 2.5mg - Tablet,10x3,193
73,1596,Bupivacaine  - 0.5% in 10ml ampoule - Injection,5,4876
74,862,Calcium Carbonate - 500mg - Tablet,10x10,170
75,235,Calcium Gluconate - 10% in 10ml ampoule - Injection,10   ,1584
76,55938,Cannula Intravenous Set - 16G ,100,638
77,54170,Cannula Intravenous Set - 18G ,100,5891
78,55816,Cannula Intravenous Set - 20G ,100,2700
79,54172,Cannula Intravenous Set - 22G,100,3453
80,54290,Cannula Intravenous Set - 24G,100,8348
81,54959,Capecitabine - 500mg - Tablet,10x3,1326
82,385,Captopril - 25mg - Tablet,10x10,844
83,54590,Carbamazepine - 100mg/5ml - Syrup,100ml,535
84,77,Carbamazepine - 200mg - Tablet,10x10,18898
85,1571,Carbimazole - 5mg - Tablet,10x10,312
86,67597,Carboplatin  - 450mg /45ml in Vial - Injection,Each,503
87,56419,Cat Gut Chromic - Gauge 2.0(4/0) 75cm on 15mm 1/2 Circle Reverse Cutting Needle,Dozen,1215
88,54581,Cat Gut Chromic - Gauge 2.0(4/0) 75cm on 15mm 1/2 Circle Round Bodied Needle,Dozen,1388
89,53945,Cat Gut Chromic - gauge 3.0 (3/0) 75cm on 25mm 1/2 circle round bodied needle,Dozen,0
90,56429,Cat Gut Chromic - Gauge 3.0(3/0) 75cm on 25mm 1/2 Circle Reverse Cutting Needle,Dozen,1383
91,59215,Cat Gut Chromic - Gauge 3.5(2/0) 75cm on 27mm ½  Circle Reverse Cutting Needle,Dozen,3283
92,54703,Cat Gut Chromic - Gauge 3.5(2/0) 75cm on 27mm 1/2 Circle Round Bodied Needle,Dozen,6000
93,56431,Cat Gut Chromic - Gauge 4.0(0) 75cm on 30mm 1/2 Circle Reverse Cutting Needle,Dozen,1020
94,54583,Cat Gut Chromic - Gauge 4.0(0) 75cm on 30mm 1/2 Circle Round Bodied Needle,Dozen,1366
95,56432,Cat Gut Chromic - Gauge 5.0(1) 75cm on 48mm 1/2 Circle Reverse Cutting Needle,Dozen,0
96,54949,Cat Gut Chromic - Gauge 5.0(1) 75cm on 48mm 1/2 Circle Round Bodied Needle,Dozen,1616
97,55463,Cat Gut Chromic - Gauge 6.0(2) 75cm on 35mm 1/2 Circle Round Bodied Needle,Dozen,2394
98,54694,Catheter Condom Latex Medium - 28mm,Each,1998
99,55069,Catheter Foley Silconized Latex Three Ways - 30-50ml Balloon 18CH,Each,39177
100,54303,Catheter Foley Silconized Latex Three Ways - 30-50ml Balloon 22CH,Each,5927
101,55071,Catheter Foley Silconized Latex Three Ways - 30-50ml Balloon 24CH,Each,6915
102,56546,Catheter Foley Silconized Latex Three Ways - 5-15ml Balloon 10CH,Each,1116
103,55068,Catheter Foley Silconized Latex Two Ways - 30-50ml Balloon 16CH,Each,23315
104,54302,Catheter Foley Silconized Latex Two Ways - 30-50ml Balloon 20CH,Each,4269
105,54308,Catheter Foley Silconized Latex Two Ways - 5-15ml Balloon 12CH,Each,1644
106,54938,Catheter Foley Silconized Latex Two Ways - 5-15ml Balloon 14CH,Each,5963
107,55569,Catheter Foley Silconized Latex Two Ways - 5-15ml Balloon 8CH,Each,1132
108,57290,"Catheter Nasal Oxygen, Adult - ",Each,8098
109,57291,"Catheter Nasal Oxygen, Paediatric - ",Each,3956
110,56585,Catheter Suction - 14CH,100,438
111,55189,Catheter Suction - 22CH,100,454
112,55697,Catheter Suction - 6CH,100,304
113,56586,Catheter Suction - 8CH,100,253
114,64479,Catheter Ureteral - 6CH,Each,156
115,64480,Catheter Ureteral - 8CH,Each,173
116,56844,Cefepime - 1gm in Vial - Powder for Injection with Diluent,Each,17568
117,63633,Cefixime - 400mg - Capsule,7x2,5325
118,55133,Ceftazidime - 1g in vial - Powder for Injection with Diluent,Each,62050
119,56837,Ceftriaxone - 0.5g in Vial - Powder for Injection with Diluent,Each,65350
120,56831,Ceftriaxone - 1g in vial - Powder for Injection with Diluent,Each,1175473
121,484,Cephalexine - 250 mg/5ml - Oral Suspension,100 ml,30491
122,397,Cephalexine - 500mg - Capsule,10x10,27934
123,59060,Cerclage Wire - 1.0 Diameter with 10m length,Each,76
124,59062,Cerclage Wire - 1.8 Diameter with 10m length,Each,48
125,253,Cetrizine - 10mg - Tablet,10x10,2839
126,57357,Chemical - Acetone Alcohol - 50% -  - Solution,500ml,654
127,57396,Chemical - Alcohol Denatured - 70% - ,1L,23327
128,55493,Chemical - Barium Chloride Hydrate -  - Powder,500gm,245
129,54863,Chemical - Barium Sulphate -  - Powder,175gm,155
130,54640,Chemical - Benzoic Acid - ,500gm,213
131,56943,Chemical - Buffer - PH 7.0 -  - Tablet,20,105
132,55142,Chemical - Dental X Ray Film 3cm x 4cm - ,150,51
133,56488,Chemical - Formalin - 37% - Solution,1 Litre,203
134,60967,Chemical - Gadolinium Chelate - 0.5mmol/ml Solution for Injection,15 ml,252
135,55842,Chemical - Gential Violet - 1% - Solution,500ml,2500
136,54712,Chemical - Giemsa Stain - 0.76%,500ml,2479
137,55298,Chemical - Glycerine Pure - 98% ,1L,1615
138,56106,Chemical - Gram's Iodine - 0.33% - Solution,500ml,959
139,57366,Chemical - Hydrochloric Acid Concentrated - 37%,500ml,435
140,57368,Chemical - Hydrogen Peroxide - 30% -  - Soluiton,1L,1284
141,57369,Chemical - Immersion Oil - Refractive Index of 1.515 - ,100ml,1509
142,56966,Chemical - Iodine Tincture - 2% - ,500ml,3622
143,66292,chemical - Low Osmolar iodinated contrast media - 350-370mg/ml of 50ml,50mlx10vials,486
144,57371,Chemical - Lugol's Iodine for Medical Use - 5% -  - Solution,500ml,254
145,57392,Chemical - Methanol Absolute Aceton Free - 99.00%,1L,798
146,57416,Chemical - Microscope Lens Cleaning Solution - ,100ml,850
147,56108,Chemical - Potassium Hydroxide - 10% - Solution,1L,170
148,56939,"Chemical - Safranine, 0.25% -  - Solution",500ml,654
149,54864,Chemical - Salicylic Acid -  - Powder,500gm,30
150,57387,Chemical - Trisodium  Citrate - 3.80% -  - Solution,500ml,711
151,55775,Chemical - Vioform Powder BP - ,500gm,5
152,56941,Chemical - White Blood Cells Diluting Fluid (Glacial Acitic Acid) - 2% -  - Solution,500ml,220
153,56942,Chemical - Wright Stain - 0.30% -  - Solution,500ml,400
154,1957,Chlorambucil - 2mg - Tablet,25,105
155,57527,Chloramphenicol - 0.50% - Eye Drop,10ml,25120
156,259,Chloramphenicol - 1% - Eye Ointment,5 gm,23636
157,65797,Chloramphenicol + Dexamethasone - (1% + 0.1%) - Eye Drop,10ml,10413
158,250,Chlorpheniramine Maleate - 2mg/5ml - Syrup,100ml,22598
159,429,Chlorpheniramine Maleate - 4mg - Tablet,10x10,7542
160,63,Chlorpromazine HCL - 100mg - Tablet,100x10,2103
161,62,Chlorpromazine HCL - 25mg - Tablet,1000,968
162,54470,Chlorpromazine Hydrochloride - 25mg/2ml in 2ml Ampoule - Injection,50,858
163,419,Cimetidine - 200mg/ml in 2ml ampoule - Injection,10   ,71423
164,55740,Ciprofloxacin - 0.30% - Eye/Ear drop,5ml,32787
165,56839,Ciprofloxacin - 2mg/ml in 100ml - Intravenous Infusion (as lactate),100ml,15389
166,143,Ciprofloxacin - 500mg - Tablet,10x10,113523
167,55865,Cisatracurium - 2mg/ml in 10 ml Ampoule - Injection,Each,433
168,56898,Cisplatin - 1mg/ml in 50ml - Intravenous Infusion,Each,2067
169,142,Clarithromycin - 500mg - Tablet,10x10,3722
170,1598,Clomiphene Citrate - 50mg - Tablet,10x3,1120
171,3830,Clomipramine HCL - 25mg - Tablet,25x10,254
172,87,Clonazepam - 0.5mg - Tablet,10x3,2388
173,493,Clonazepam - 2mg - Tablet,10x3,2465
174,708,Clopidogrel - 75mg  - Tablet,10x10,1022
175,272,Clotrimazole - 1% - Cream,20 gm,42650
176,223,Clotrimazole - 100mg - Tablet (Vaginal),6,11660
177,55855,Cloxacillin Sodium - 250mg/5ml - Oral Suspension,100ml,54041
178,123,Cloxacillin Sodium - 500 mg - Capsule,50X10,26302
179,1286,Clozapine - 100mg - Tablet,10x5,462
180,63696,Cobas 6000 - 9% NaCl Diluent - ,Each,0
181,59645,Cobas 6000 - 9% Sodium Chloride Solution - ,50ml,3
182,59576,Cobas 6000 - Acid Phosphatase - ,400tests,0
183,59635,Cobas 6000 - Acid Wash Solution - ,2x1800ml,1
184,63663,Cobas 6000 - Activator - ,Each,2
185,59594,Cobas 6000 - Adrenocorticotropic Hormone (ACTH) - ,100tests,5
186,59675,Cobas 6000 - Adrenocorticotropic hormone (ACTH) Calibrator - ,4x1ml,0
187,59545,Cobas 6000 - Alanine Aminotransferase - ALT (Serum Glutamic Pyruvic Transaminase - SGPT) - ,500tests,60
188,59566,Cobas 6000 - Albumin - ,225tests,14
189,59552,Cobas 6000 - Alfa Feto Protein (AFP) - ,100tests,17
190,59676,Cobas 6000 - Alfa Feto Protein (AFP) G2 Calibrator - ,4x1ml,1
191,59547,Cobas 6000 - Alkaline Phosphatase (ALP) - ,400tests,78
192,59606,Cobas 6000 - Alpha Amylase - ,300tests,6
193,59565,Cobas 6000 - Amylase-P - ,200tests,4
194,59546,Cobas 6000 - Aspartate Aminotransferase - AST (Serum Glutamic Oxaloacetic Transaminase - SGOT) - ,500tests,60
195,59637,Cobas 6000 - Assay Tip - ,4032,3
196,59605,Cobas 6000 - Bilirubin Direct (BILD) - ,350tests,41
197,59604,Cobas 6000 - Bilirubin Total (BILT) - ,250tests,57
198,59544,Cobas 6000 - Blood Sugar - ,200tests,59
199,59549,Cobas 6000 - Blood Urea Nitrogen - BUN (Urea) - ,500tests,49
200,59677,Cobas 6000 - C.f.a.s. PUC Calibrator - ,5x1ml,1
201,59570,Cobas 6000 - Calcium - ,300tests,26
202,59636,Cobas 6000 - CalSet Vial - ,112,0
203,59554,Cobas 6000 - Cancer Antigen 125 (CA-125) - ,100tests,3
204,59678,Cobas 6000 - Cancer Antigen 125 (CA-125) G2 Calibrator - ,4x1ml,1
205,59553,Cobas 6000 - Carcino Embryonic Antigen (CEA) - ,100tests,18
206,59679,Cobas 6000 - Carcino Embryonic Antigen (CEA) Calibrator - ,4x1ml,1
207,59660,Cobas 6000 - Cardiac G2 Control - ,4x2ml,0
208,63692,Cobas 6000 - Cell Wash Solution - ,2x1.8L,94
209,59680,Cobas 6000 - Cfas Calibrator - ,12x3ml,1
210,59681,Cobas 6000 - Cfas HbA1c Calibrator - ,3x2ml,1
211,59682,Cobas 6000 - Cfas Lipids Calibrator - ,3x1ml,1
212,63392,Cobas 6000 - Chloride Cartridge - ,100tests,4
213,59599,Cobas 6000 - Cholesterol - ,400tests,0
214,59638,Cobas 6000 - Clean Cell - ,2x2000ml,22
215,59684,Cobas 6000 - Cortisol Calibrator - ,4x1ml,1
216,59588,Cobas 6000 - Cortisone - ,100tests,6
217,59548,Cobas 6000 - Creatinine - ,700tests,38
218,59609,Cobas 6000 - Creatinine Kinase CK - ,200tests,7
219,59610,Cobas 6000 - Creatinine Kinase CK-MB - ,100tests,15
220,59683,Cobas 6000 - Creatinine Kinase CK-MB Calibrator - ,4x1ml,1
221,63664,Cobas 6000 - ECO Tergent - ,Each,0
222,59586,Cobas 6000 - Estradiol (E2) - ,100tests,28
223,59685,Cobas 6000 - Estradiol G3 Calibrator - ,4x1ml,1
224,59558,Cobas 6000 - Ferritin - ,100tests,15
225,59686,Cobas 6000 - Ferritin Calibrator - ,4x1ml,1
226,59559,Cobas 6000 - Folate - ,100tests,12
227,59687,Cobas 6000 - Folate G3 Calibrator - ,4x1ml,1
228,59584,Cobas 6000 - Follicle Stimulating Hormone (FSH) - ,100tests,30
229,59689,Cobas 6000 - Follicle Stimulating Hormone (FSH) Calibrator - ,4x1ml,1
230,59575,Cobas 6000 - Gamma-Glutamyl Transferase (GGT) - ,400tests,4
231,59641,Cobas 6000 - Haemolyse Reagent HBA1C - ,1000ml,0
232,64002,Cobas 6000 - Halogen Lamp - ,Each,4
233,59663,Cobas 6000 - HBA1c Normal Control - ,4x1ml,5
234,59664,Cobas 6000 - HBA1c Pathological Control - ,4x1ml,5
235,59642,Cobas 6000 - HbA1c TQ Haemolyzing Reagent - ,2x22.5ml,23
236,59607,Cobas 6000 - Hemoglobin A1c - ,150tests,49
237,59600,Cobas 6000 - High Density Lipoprotein Cholesterol Direct Colorimetric Test (HDL-C) - ,200tests,97
238,59555,Cobas 6000 - Human Chorionic Gonadotropin (HCG) - ,100tests,18
239,59692,Cobas 6000 - Human Chorionic Gonadotropin (HCG) Beta Calibrator - ,4x1ml,1
240,63665,Cobas 6000 - Internal Standard - ,Each,7
241,59573,Cobas 6000 - Iron - ,200tests,15
242,59693,Cobas 6000 - Iron (Fe) Standard Calibrator - ,75ml,1
243,59574,Cobas 6000 - Iron Binding Capacity Unsaturated (TIBC) - ,100tests,1
244,59643,Cobas 6000 - ISE Cleaning Solution - ,5x100ml,1
245,63666,Cobas 6000 - ISE Diluent - ,Each,13
246,63669,Cobas 6000 - ISE HIGH - ,10x3ml,14
247,63667,Cobas 6000 - ISE INT STANDARED - ,Each,25
248,63670,Cobas 6000 - ISE LOW - ,Each,14
249,63668,Cobas 6000 - ISE Reference Electrode - ,300ml,7
250,59567,Cobas 6000 - Lactate Dehydrogenase (LDH) - ,300tests,11
251,59611,Cobas 6000 - Lipase - ,200tests,8
252,59601,Cobas 6000 - Low Density Lipoprotein Cholesterol Direct Colorimetric Test (LDL-C) - ,200tests,97
253,59585,Cobas 6000 - Luteinizing Hormone (LH) - ,100tests,28
254,59694,Cobas 6000 - Luteinizing Hormone (LH) G2 Calibrator - ,4x1ml,1
255,59571,Cobas 6000 - Magnesium - ,250tests,23
256,59654,Cobas 6000 - Micro Sample Cup 13/16 - ,Each,0
257,59644,Cobas 6000 - Multi Pack - ,Each,0
258,59665,Cobas 6000 - Multimarker Control - ,6x2ml,1
259,59647,Cobas 6000 - PC/CC Cup - ,12,0
260,59572,Cobas 6000 - Phosphate - ,250tests,12
261,63391,Cobas 6000 - Potassium Cartridge - ,100tests,4
262,63671,Cobas 6000 - Precicontrol Multi 1 - ,Each,0
263,63672,Cobas 6000 - Precicontrol Multi 2 - ,Each,0
264,63673,Cobas 6000 - Precinorm PUC - ,Each,0
265,63674,Cobas 6000 - Precipath PUC - ,Each,0
266,59648,Cobas 6000 - PreClean - ,5x600ml,9
267,63907,Cobas 6000 - Pro Cell - ,2x2000ml,29
268,59652,Cobas 6000 - Probe Cell - ,2x2000ml,0
269,59649,Cobas 6000 - Probe ISE - ,Each,0
270,59650,Cobas 6000 - Probe Sample - ,Each,0
271,59651,Cobas 6000 - Probe Wash - ,12x70ml,1
272,59587,Cobas 6000 - Progesterone - ,100tests,1
273,59695,Cobas 6000 - Progesterone  G3 Calibrator - ,4x1ml,1
274,59583,Cobas 6000 - Prolactin (PRL) - ,100tests,28
275,59696,Cobas 6000 - Prolactin G2 Calibrator - ,4x1ml,1
276,59557,"Cobas 6000 - Prostate Specific Antigen, Free (PSA-F) - ",100tests,8
277,59556,"Cobas 6000 - Prostate Specific Antigen, Total (PSA-T) - ",100tests,10
278,59688,Cobas 6000 - Prostatic Specific Antigen-Free (PSA-F) Calibrator - ,4x1ml,8
279,59700,Cobas 6000 - Prostatic Specific Antigen-Total (PSA-T) G2 Calibrator - ,4x1ml,1
280,59669,Cobas 6000 - PUC Normal Control - ,4x3ml,6
281,59670,Cobas 6000 - PUC Pathological Control - ,4x3ml,6
282,64001,Cobas 6000 - Reaction Cell set - ,3,3
283,63385,Cobas 6000 - Reference Electrode - ,Each,1
284,59653,Cobas 6000 - Sample Cleaner 1 - ,12x59ml,1
285,59639,Cobas 6000 - Sample Cup - ,5000,6
286,59655,Cobas 6000 - Sipper Nozzle - ,Each,1
287,59656,Cobas 6000 - Sipper Tube - ,Each,2
288,59659,Cobas 6000 - SMS - ,Each,31
289,63390,Cobas 6000 - Sodium Cartridge - ,100tests,4
290,59646,Cobas 6000 - Sodium Hydroxide Solution NaOH-D - ,50ml,53
291,59569,Cobas 6000 - Sodium/Potassium/Chloride - ,100tests,0
292,59582,Cobas 6000 - Testosterone - ,100tests,23
293,59699,Cobas 6000 - Testosterone G2 Calibrator - ,4x1ml,1
294,59579,Cobas 6000 - Thyroid Stimulating Hormone (TSH) - ,200tests,55
295,59702,Cobas 6000 - Thyroid Stimulating Hormone (TSH) Calibrator - ,4x1ml,1
296,59578,Cobas 6000 - Thyroxine (T4) - ,200tests,43
297,59698,Cobas 6000 - Thyroxine (T4) G2 Calibrator - ,4x1ml,1
298,59581,"Cobas 6000 - Thyroxine, Free (T4-F) - ",200tests,43
299,59691,Cobas 6000 - Thyroxine-Free (T4-F) G2 Calibrator - ,4x1ml,1
300,59666,Cobas 6000 - TM Control - ,4x3ml,9
301,59551,Cobas 6000 - Total Protein - ,300tests,12
302,59568,Cobas 6000 - Total Protein (TP) Urine CSF - ,150tests,13
303,59603,Cobas 6000 - Triglycerides - ,250tests,80
304,59577,Cobas 6000 - Triiodothyronine (T3) - ,200tests,43
305,59697,Cobas 6000 - Triiodothyronine (T3) G3 Calibrator - ,4x1ml,1
306,59580,"Cobas 6000 - Triiodothyronine, Free (T3-F) - ",200tests,43
307,59690,Cobas 6000 - Triiodothyronine-Free (T3-F) G3 Calibrator - ,4x1ml,1
308,59560,Cobas 6000 - Troponin - ,100tests,15
309,59701,Cobas 6000 - Troponin Calibrator - ,4x1ml,1
310,59671,Cobas 6000 - Troponin PC Control - ,4x2ml,8
311,59667,Cobas 6000 - Universal Control - ,4x3ml,11
312,59658,Cobas 6000 - Universal Diluent - ,2x16ml,3
313,59550,Cobas 6000 - Uric Acid - ,400tests,25
314,59668,Cobas 6000 - Varia Control - ,4x3ml,4
315,59597,Cobas 6000 - Vitamin B12 - ,100tests,11
316,59703,Cobas 6000 - Vitamin B12 G2 Calibrator - ,4x1ml,1
317,63680,Cobas C 311  - ISE Reference Electrode - ,300ml,108
318,63695,Cobas C 311 - 9% NaCl Diluent - ,Each,76
319,59622,Cobas C 311 - Acid Wash Solution - ,2x1800ml,56
320,63675,Cobas C 311 - Activator - ,Each,47
321,59504,Cobas C 311 - Alanine Aminotransferase ALT (Serum Glutamic Pyruvic Transaminase - SGPT) - ,500tests,200
322,59528,Cobas C 311 - Albumin - ,225tests,119
323,59506,Cobas C 311 - Alkaline Phosphatase (ALP) - ,200tests,298
324,59519,Cobas C 311 - Alpha Amylase - ,300tests,52
325,59526,Cobas C 311 - Amylase-P - ,200tests,72
326,59505,Cobas C 311 - Aspartate Aminotransferase AST (Serum Glutamic Oxaloacetic Transaminase- SGOT) - ,500tests,212
327,59518,Cobas C 311 - Bilirubin Direct (BILD) - ,350tests,196
328,59517,Cobas C 311 - Bilirubin Total (BILT) - ,250tests,233
329,59503,Cobas C 311 - Blood sugar - ,800tests,121
330,59510,Cobas C 311 - Blood Urea Nitrogen-BUN (Urea) - ,500tests,229
331,59674,Cobas C 311 - C.f.a.s. PUC Calibrator - ,5x1ml,1
332,59543,Cobas C 311 - Calcium - ,300tests,129
333,59634,Cobas C 311 - Cell Set - ,Each,17
334,59623,Cobas C 311 - Cell Wash Solution - ,2x1800ml,94
335,59673,Cobas C 311 - Cfas Calibrator - ,12x3ml,30
336,63779,Cobas C 311 - Cfas Control - ,12x3ml,0
337,63389,Cobas C 311 - Chloride Cartridge - ,100tests,50
338,59513,Cobas C 311 - Cholesterol - ,400tests,145
339,59619,Cobas C 311 - CK-MB Calibrator - ,3x1ml,16
340,59509,Cobas C 311 - Creatinine - ,700tests,243
341,59521,Cobas C 311 - Creatinine Kinase CK - ,200tests,33
342,59523,Cobas C 311 - Creatinine Kinase CK-MB - ,100tests,108
343,63676,Cobas C 311 - ECO Tergent - ,Each,832
344,59625,Cobas C 311 - Haemolyse Reagent HBA1c - ,1000ml,15
345,59626,Cobas C 311 - Halogen Lamp 12V/50W - ,Each,29
346,59620,Cobas C 311 - HBA1c Calibrator - ,3x2ml,23
347,59615,Cobas C 311 - HBA1c Normal Control - ,4x1ml,43
348,59616,Cobas C 311 - HBA1c Pathological Control - ,4x1ml,42
349,59631,Cobas C 311 - HBA1C TQ Haemolyzing Reagent - ,2x22.5ml,23
350,59520,Cobas C 311 - Hemoglobin A1c - ,150tests,91
351,59514,Cobas C 311 - High Density Lipoprotein Cholesterol Direct Colorimetric Test (HDL-C) - ,350tests,134
352,63677,Cobas C 311 - Internal Standard - ,Each,139
353,63688,Cobas C 311 - ISE Cleaning Solution - ,Each,75
354,63678,Cobas C 311 - ISE Diluent - ,Each,123
355,63681,Cobas C 311 - ISE HIGH - ,Each,304
356,63679,Cobas C 311 - ISE INT STANDARED - ,Each,65
357,63682,Cobas C 311 - ISE LOW - ,10x3ml,215
358,63800,Cobas C 311 - ISE Reference Electrolyte - ,5x300ml,108
359,59530,Cobas C 311 - Lactate Dehydrogenase (LDH) - ,300tests,77
360,59525,Cobas C 311 - Lipase - ,200tests,51
361,59621,Cobas C 311 - Lipid Calibrator - ,3x1ml,24
362,59516,Cobas C 311 - Low Density Lipoprotein Cholesterol Direct Colorimetric Test (LDL-C) - ,200tests,142
363,59541,Cobas C 311 - Magnesium - ,250tests,81
364,59627,Cobas C 311 - Micro Sample Cup 13/16 - ,Each,0
365,59542,Cobas C 311 - Phosphate - ,300tests,72
366,63388,Cobas C 311 - Potassium Cartridge - ,100tests,59
367,63684,Cobas C 311 - Precicontrol Multi 1 - ,Each,0
368,63685,Cobas C 311 - Precicontrol Multi 2 - ,Each,0
369,63686,Cobas C 311 - Precinorm PUC - ,Each,0
370,59617,Cobas C 311 - PUC Normal Control - ,4x3ml,31
371,59618,Cobas C 311 - PUC Pathological Control - ,4x3ml,32
372,63384,Cobas C 311 - Reference Electrode - ,Each,44
373,59624,Cobas C 311 - Sample  Cup - ,5000,28
374,59628,Cobas C 311 - Sipper Nozzle - ,Each,21
375,59629,Cobas C 311 - Sipper Tube - ,Each,25
376,59672,Cobas C 311 - SMS - ,Each,147
377,63387,Cobas C 311 - Sodium Cartridge - ,100tests,60
378,59632,Cobas C 311 - Sodium Hydroxide Solution NaOH-D - ,50ml,201
379,59540,Cobas C 311 - Sodium/Potassium/Chloride - ,100tests,0
380,63788,Cobas C 311 - Special Cell Cleaning Solution - ,2x1.8L,49
381,59512,Cobas C 311 - Total Protein - ,300tests,94
382,59533,Cobas C 311 - Total Protein (TP) Urine CSF - ,150tests,74
383,59515,Cobas C 311 - Triglycerides - ,250tests,146
384,59511,Cobas C 311 - Uric Acid - ,400tests,94
385,63687,Cobas C 311- Precipath PUC - ,Each,0
386,58918,Collar - Cervical.,Each,270
387,56573,Colostomy Bag Adhesive  Regulator Closed - 30mm Opening pediatric,Each,1572
388,56572,"Colostomy Bag Adhesive  Regulator Closed - 30mm Opening, adult opec medium",Each,5161
389,60846,"Conical Test Tube – Plastic, Graduated – 15ml - ",50,794
390,63637,Contact activated blood lancet - length 2mm,500,3508
391,55555,Cotton Absorbent Wool - 100gm,Each,55713
392,55952,"Cover Slide - 22x22mm, 13mm Thickness",100,7378
393,60864,Custodial Solution - ,500ml,8
394,54347,Cyclophosphamide - 1gm in Vial - Powder for injection,Each,1656
395,55113,Cyclophosphamide - 500mg in Vial - Powder for injection,Each,670
396,4654,Cyclosporine A  - 100mg - Capsule,10x5,35
397,3864,Cyclosporine A  - 25mg - Capsule,10x5,10
398,55224,Cyclosporine A  - 50mg - Capsule,10x5,20
399,58837,"Cylinder - Measuring, Graduated, Glass, 1000ml.",Pcs,564
400,56284,Cytarabine - 100mg/ml in 5ml Ampoule - Injection,Vial,1317
401,56894,Cytarabine - 500mg in 25ml Vial - Injection,Each,1317
402,55616,Dacarbazine - 500mg in Vial - Powder for injection,Each,519
403,54423,"Dental Needle  - 21mm, 27G",100,72
404,54568,"Dental Needle  - 31mm, 27G",100,47
405,59084,Dental Wire - No 26,Each,51
406,55738,Dexamethasone - 0.10% - Eye Drop,10ml,44121
407,55134,Dexamethasone - 0.25% - Topical Ointment,20gm,11974
408,204,Dexamethasone - 0.5mg - Tablet,10x10,314
409,51326,Dexamethasone - 4mg - Tablet,100,680
410,63634,Dexamethasone - 4mg/ml in 2ml Ampoule - Injection,100,2427
411,54850,Dexchloropheniramine Malate + Betamethasone - (2mg + 0.25mg) - Tablet,10x10,7546
412,44,Dextromethorphan Hydrobromide - 15mg/5ml - Syrup,125ml,84186
413,55887,Dextrose - 40% in 20ml - Intravenous Infusion,50,12766
414,54242,Dextrose in Normal Saline - (5%  + 0.9%) - Intravenous Infusion with Giving Set,1000 ml,63827
415,54754,Dextrose in Water - 5% - Intravenous Infusion with Giving Set,1000ml,25270
416,59,Diazepam - 5 mg/ml in 2ml ampoule - Injection,10   ,6064
417,60,Diazepam - 5mg - Tablet,10x10,2169
418,485,Diclofenac Sodium - 100mg - Suppository ,5x2,6187
419,55,Diclofenac Sodium - 25mg/ml in 3ml Ampoule - Injection,10x10,36827
420,111,Diclofenac Sodium - 50mg - Tablet,10x10,68222
421,749,Digoxin - 0.25mg - Tablet,100,2149
422,733,Digoxin - 0.25mg/ml in 2ml Ampoule - Injection,5,335
423,59799,Dimension EXL 200 - Absorbance Test (ABS) - ,120,0
424,59708,Dimension EXL 200 - Alanine Aminotransferase -ALT (Serum Glutamic Pyruvic Transaminase - SGPT) - ,240tests,149
425,59767,Dimension EXL 200 - Albumin - ,480tests,33
426,59710,Dimension EXL 200 - Alkaline Phosphatase (ALP) - ,360tests,103
427,59777,Dimension EXL 200 - Alkaline Phosphatase (ALP) Calibrator - ,6x1ml,20
428,59761,Dimension EXL 200 - Alpha Amylase - ,240tests,20
429,59765,Dimension EXL 200 - Amylase-P - ,280tests,0
430,59709,Dimension EXL 200 - Aspartate Aminotransferase -AST (Serum Glutamic Oxaloacetic Transaminase- SGOT) - ,360tests,113
431,59726,Dimension EXL 200 - Bilirubin Direct (DBIL) - ,320tests,65
432,59725,Dimension EXL 200 - Bilirubin Total (TBI) - ,480tests,57
433,59712,Dimension EXL 200 - Blood Urea Nitrogen-BUN (Urea) - ,480tests,119
434,59770,Dimension EXL 200 - Calcium - ,480tests,48
435,59753,Dimension EXL 200 - Cardiac Marker Plus Control L1 - ,6x3ml,8
436,59758,Dimension EXL 200 - Cardiac Marker Plus Control L2 - ,6x3ml,8
437,59756,Dimension EXL 200 - Cardiac Marker Plus Control L3 - ,6x3ml,8
438,60960,Dimension EXL 200 - Check Flex - ,8,124
439,59755,Dimension EXL 200 - Chemistry Assay Control L1 - ,12x5ml,23
440,59754,Dimension EXL 200 - Chemistry Assay Control L2 - ,12x5ml,23
441,59797,Dimension EXL 200 - Chemistry I Calibrator Revised - ,2x3levelsx2ml,0
442,59781,Dimension EXL 200 - Chemistry II Calibrator - ,6x2ml,17
443,59782,Dimension EXL 200 - Chemistry Wash - ,7L,0
444,59783,Dimension EXL 200 - Cholesterol II Calibrator - ,6x1ml,0
445,59716,Dimension EXL 200 - Cholesterol Total - ,480tests,0
446,64085,Dimension EXL 200 - Cholestrol Calibrator - ,6x1ml,13
447,59778,Dimension EXL 200 - CK/CK-MB Calibrator - ,4x2ml,7
448,59711,Dimension EXL 200 - Creatinine - ,480tests,131
449,59763,Dimension EXL 200 - Creatinine Kinase CK - ,480tests,10
450,60961,Dimension EXL 200 - Creatinine Kinase CK-MB - Flex - ,120tests,13
451,59803,Dimension EXL 200 - Cup - Lid - ,1000,0
452,59802,Dimension EXL 200 - Cup - Small - ,1000,0
453,59804,Dimension EXL 200 - Cuvette Cartridge - ,Each,95
454,59757,"Dimension EXL 200 - Diabetes Control (L1,L2) - ",6x0.5ml,24
455,60917,Dimension EXL 200 – Dilution Check - ,60ml,21
456,59784,Dimension EXL 200 - Enzyme Calibrator - ,4x5ml,11
457,59792,Dimension EXL 200 - Enzyme Diluent - ,10x10ml,0
458,59785,Dimension EXL 200 - Enzyme II Calibrator - ,6x5ml,16
459,59791,Dimension EXL 200 - Enzyme Verifier - ,6x2ml,19
460,60915,Dimension EXL 200 – Flush Solution - ,3x1000ml,33
461,59707,Dimension EXL 200 - Glucose - ,1440tests,24
462,59790,Dimension EXL 200 - HDL Cholesterol Calibrator - ,6x1ml,14
463,59762,Dimension EXL 200 - Hemoglobin A1c (HB1C) - ,120tests,45
464,59721,Dimension EXL 200 - High Density Lipoprotein (HDL) Cholesterol - ,240tests,1
465,59768,Dimension EXL 200 - Lactate Dehydrogenase (LDH) - ,480tests,19
466,59789,Dimension EXL 200 - LDL Cholesterol Calibrator - ,6x2ml,12
467,59766,Dimension EXL 200 - Lipase - ,120tests,13
468,59788,Dimension EXL 200 - Lipase Calibrator - ,6x1ml,7
469,59722,Dimension EXL 200 - Low Density Lipoprotein (LDL) Cholesterol - ,120tests,97
470,59771,Dimension EXL 200 - Magnesium - ,120tests,59
471,59779,Dimension EXL 200 - Mass CK-MB Calibrator - ,10x2ml,0
472,59772,Dimension EXL 200 - Phosphate - ,480tests,15
473,59795,Dimension EXL 200 - Probe Cleaner - ,500ml,0
474,59805,Dimension EXL 200 - Reaction Vessel - ,1000,0
475,60959,Dimension EXL 200 - Salt Bridge Solution - ,3x150ml,35
476,60914,Dimension EXL 200 – Sample Dilution - ,6x500ml,33
477,59769,Dimension EXL 200 - Sodium/Potassium/Chloride - ,4000tests,41
478,60916,Dimension EXL 200 – Standard A IND - ,3x1000ml,35
479,60919,Dimension EXL 200 – Standard B IND - ,3x300ml,36
480,59806,Dimension EXL 200 - Thermal Paper - ,4Rolls,0
481,59801,Dimension EXL 200 - Total and Direct Bilirubin Calibrator - ,4x1ml,16
482,59714,Dimension EXL 200 - Total Protein - ,480tests,1
483,59715,Dimension EXL 200 - Total Protein CSF/Urine - ,480tests,20
484,59796,Dimension EXL 200 - Total Protein CSF/Urine Calibrator - ,10x4ml,9
485,59800,Dimension EXL 200 - Total Protein/Albumin Calibrator - ,6x2ml,13
486,59723,Dimension EXL 200 - Triglyceride - ,480tests,50
487,59713,Dimension EXL 200 - Uric Acid - ,480tests,37
488,59760,Dimension EXL 200 - Urine Control1 - ,12x10ml,8
489,59759,Dimension EXL 200 - Urine Control2 - ,12x10ml,7
490,59959,Dimension EXL 200 - Water ACAIV/V - ,12x5L,0
491,616,Diphenhydramine Hydrochloride - 12.5mg/5ml - Elixir,125ml,56155
492,55736,Dopamine Hydrochloride - 40mg/ml in 5ml Ampoule - Injection,5,2181
493,1795,Dorzolamide HCL - 2% - Eye Drop,10ml,1862
494,54350,Doxorubicin Hydrochloride - 50mg in Vial - Powder for injection,Each,2653
495,145,Doxycycline - 100mg - Capsule,20x10,35768
496,56254,Drainage Chest  Tube - 18FG,Each,636
497,60032,Drainage Chest Tube - 10FG,Each,364
498,60034,Drainage Chest Tube - 28FG,Each,3195
499,60035,Drainage Chest Tube - 32FG,Each,1316
500,57014,Dropping Bottle with Ground Glass Stopper - 50ml,Each,1062
501,64554,DXC 700 AU -  CK MB control serum Level 1 - ,9x2ml,0
502,64557,DXC 700 AU -  Multichem U Assayed Level 1 (TP/ urine/ CSF control) - ,10x15ml,0
503,64556,DXC 700 AU -  Multichem U Assayed Level 2  (TP/ urine /CSF control) - ,11x15ml,0
504,59958,DxC 700 AU - Acid Phosphatase - ,2x50tests,0
505,59864,DxC 700 AU - Alanine Aminotransferase - ALT (Serum Glutamic Pyruvic Transaminase - SGPT) - ,4x980tests,0
506,59877,DxC 700 AU - Albumin - ,4x1120tests,0
507,59866,DxC 700 AU - Alkaline Phosphatase (ALP) - ,4x1450tests,0
508,59883,DxC 700 AU - Alpha Amylase - ,4x400tests,0
509,59878,DxC 700 AU - Amylase - ,4x400tests,0
510,59865,DxC 700 AU - Aspartate Aminotransferase - AST (Serum Glutamic Oxaloacetic Transaminase - SGOT) - ,4x1935tests,0
511,59884,DxC 700 AU - Bilirubin Direct( BILD) - ,4x780tests,0
512,59874,DxC 700 AU - Bilirubin Total (BILT) - ,4x590tests,0
513,59868,DxC 700 AU - Blood Urea Nitrogen - BUN (Urea) - ,4x1280tests,0
514,63317,DxC 700 AU - Breast Monitor Cancer Antigen 15-3 Calibrator - ,6x4ml,0
515,59885,DxC 700 AU - Calcium - ,4x1313tests,0
516,59870,DxC 700 AU - Cholesterol Total - ,4x1830tests,0
517,64555,DXC 700 AU - CK MB control serum Level 2 - ,9x2ml,0
518,64553,DXC 700 AU - CK MB Mass calibrator - ,6x2ml,0
519,59867,DxC 700 AU - Creatinine - ,4x990tests,0
520,59881,DxC 700 AU - Creatinine Kinase CK - ,4x230tests,0
521,59880,DxC 700 AU - Creatinine Kinase CK-MB - ,2x230tests,0
522,59889,DxC 700 AU - Gamma-Glutamyl Transferase (GGT) - ,4x250tests,0
523,59863,DxC 700 AU - Glucose - ,4x1600tests,0
524,59821,DxC 700 AU - HbA1C Control - ,2x2ml,0
525,59828,DxC 700 AU - HDL Cholesterol Calibrator - ,2x3ml,0
526,59820,DxC 700 AU - HDL/LDL Cholesterol Control - ,6x5ml,0
527,59882,DxC 700 AU - Hemoglobin A1c - ,2x250tests,0
528,59871,DxC 700 AU - High Density Lipoprotein Cholesterol Direct Colorimetric Test (HDL-C) - ,4x350tests,0
529,59888,DxC 700 AU - Iron - ,4x500tests,0
530,59952,DxC 700 AU - Iron Binding Capacity Unsaturated (UIBC) - ,4x200tests,0
531,59831,DxC 700 AU - ISE High Serum Standard - ,4X100ml,0
532,59830,DxC 700 AU - ISE Low Serum Standard - ,4X100ml,0
533,59832,DxC 700 AU - ISE Low/High Urine Standard Calibrator - ,4X100ml,0
534,59876,DxC 700 AU - Lactate Dehydrogenase (LDH) - ,4x640tests,0
535,59829,DxC 700 AU - LDL Cholesterol Calibrator - ,2x1ml,0
536,59879,DxC 700 AU - Lipase - ,4x70tests,0
537,59872,DxC 700 AU - Low Density Lipoprotein Cholesterol Direct Colorimetric Test (LDL-C) - ,4x350tests,0
538,59886,DxC 700 AU - Magnesium - ,4x250tests,0
539,64533,DxC 700 AU - Micro total protein (Urine CSF) Control - ,Each,0
540,59875,DxC 700 AU - Micro Total Protein (Urine/CSF) - ,4x125tests,0
541,59887,DxC 700 AU - Phosphate - ,4x590tests,0
542,59818,DxC 700 AU - Serum1 Control - ,20x5ml,0
543,59819,DxC 700 AU - Serum2 Control - ,20x5ml,0
544,59827,DxC 700 AU - System Serum Calibrator - ,20x5ml,0
545,59869,DxC 700 AU - Total Protein - ,4x750tests,0
546,59873,DxC 700 AU - Triglycerides - ,4x750tests,0
547,59862,DxC 700 AU - Uric Acid - ,4x250tests,0
548,59945,DxC 700 AU/ Unicel DxI 800  - Bottle - 15ml - with Cap - ,20,0
549,59946,DxC 700 AU/ Unicel DxI 800  - Bottle - 30ml - with Cap - ,20,0
550,59947,DxC 700 AU/ Unicel DxI 800  - Bottle - 60ml - with Cap - ,20,0
551,59932,DxC 700 AU/ Unicel DxI 800  - Citranox - ,1gallon,0
552,59931,DxC 700 AU/ Unicel DxI 800  - Cl Electrode - ,Each,1
553,59926,DxC 700 AU/ Unicel DxI 800  - Cleaning Solution - ,4x54ml,1
554,59933,DxC 700 AU/ Unicel DxI 800  - Contrad 70 - ,1L,1
555,59948,DxC 700 AU/ Unicel DxI 800  - Cuvette - 5x6mm - ,10   ,1
556,59943,DxC 700 AU/ Unicel DxI 800  - Electrode Reference - ,Each,1
557,59927,DxC 700 AU/ Unicel DxI 800  - Haemoglobin Denaturant - ,1L,0
558,59922,DxC 700 AU/ Unicel DxI 800  - ISE Buffer - ,4x2L,2
559,59930,DxC 700 AU/ Unicel DxI 800  - ISE Cleaning Solution - ,6x500ml,1
560,59929,DxC 700 AU/ Unicel DxI 800  - ISE Internal Reference - ,2x25ml,1
561,59923,DxC 700 AU/ Unicel DxI 800  - ISE Mid Standard - ,4x2L,2
562,59928,DxC 700 AU/ Unicel DxI 800  - ISE Na/K Selectivity Check - ,2x25ml,1
563,59924,DxC 700 AU/ Unicel DxI 800  - ISE Reference - ,4x1L,2
564,59921,DxC 700 AU/ Unicel DxI 800  - K Electrode - ,Each,1
565,59950,DxC 700 AU/ Unicel DxI 800  - L-Shape Mixing Bar - ,2,0
566,63319,DxC 700 AU/ Unicel DxI 800  - Peristatic Tubing - Roller Pump - ,2,1
567,59942,DxC 700 AU/ Unicel DxI 800  - Photometer Lamp - 20W - ,Each,2
568,59944,DxC 700 AU/ Unicel DxI 800  - Sample Cup - Hitachi - ,1000,1
569,59949,DxC 700 AU/ Unicel DxI 800  - Spiral Mixing Bar - ,2,1
570,59936,DxC 700 AU/ Unicel DxI 800  - Substrate - ,4x130ml,6
571,59934,DxC 700 AU/ Unicel DxI 800  - System Check Solution - ,6x4ml,0
572,59925,DxC 700 AU/ Unicel DxI 800  - Wash Buffer - ,6x2L,25
573,59935,DxC 700 AU/ Unicel DxI 800  - Wash Solution - ,6x2L,3
574,60981,DxC 700 AU/ Unicel DxI 800 - Carbon Powder Filter - ,Each,1
575,60983,DxC 700 AU/ Unicel DxI 800 - Improved GAC - ,Each,1
576,60986,DxC 700 AU/ Unicel DxI 800 - LC 174 MEDPURE Cartridge - ,Each,1
577,60985,DxC 700 AU/ Unicel DxI 800 - LC 174 Protek L1 - ,Each,0
578,59951,DxC 700 AU/ Unicel DxI 800 - LC140 Pre-Treatment Catridge - ,Each,1
579,60982,DxC 700 AU/ Unicel DxI 800 - Micron Filter with Antibacterial - ,Each,1
580,59920,DxC 700 AU/ Unicel DxI 800 - Na Electrode - ,Each,1
581,59954,DxC 700 AU/ Unicel DxI 800 - Prefiltration for Water Unit - Gac Filter - ,Each,0
582,59955,DxC 700 AU/ Unicel DxI 800 - Prefiltration for Water Unit - Melt Blown Filter - ,Each,0
583,59956,DxC 700 AU/ Unicel DxI 800 - Prefiltration for Water Unit - Scale Prevention Filter - ,Each,0
584,59957,DxC 700 AU/ Unicel DxI 800 - Prefiltration for Water Unit - Ultra Filter - ,Each,0
585,59937,DxC 700 AU/ Unicel DxI 800 - Reaction Vessel - ,10x1008,2
586,59938,DxC 700 AU/ Unicel DxI 800 - Sample Cup - 2ml - ,1000,1
587,59940,DxC 700 AU/ Unicel DxI 800 - Swabs - Polyster - ,100,1
588,59939,DxC 700 AU/ Unicel DxI 800 - Waste Bag - ,20,1
589,844,Enalapril Maleate - 10mg - Tablet,10x10,26039
590,30,Enalapril Maleate - 5mg - Tablet,10x10,32632
591,54310,Endotracheal Tube - 7CH,Each,2696
592,64481,Endotracheal Tube - Sterile 2.5CH with out cuffs,Each,496
593,56556,Endotracheal Tube - sterile CH 3.5 cuffed,Each,0
594,56558,Endotracheal Tube - sterile CH 4.5 cuffed,Each,0
595,56559,Endotracheal Tube - sterile CH 5 cuffed,Each,0
596,56560,Endotracheal Tube - sterile CH 6.5 cuffed,Each,0
597,60037,Endotracheal Tube Cuffed - 4CH,Each,0
598,57046,Endotracheal Tube Steriel Cuffed - 3CH,Each,0
599,57315,Endotracheal Tube Steriel Cuffed - 5.5CH,Each,0
600,59021,Endotracheal Tube Steriel Cuffed - 6CH,Each,0
601,57317,Endotracheal Tube Steriel Cuffed - 7.5CH,Each,0
602,57316,Endotracheal Tube Steriel Cuffed - 7CH,Each,0
603,54341,Enoxaparine - 6000IU/0.6ml in PFS - Injection,Each,3019
604,55234,Epirubicin - 50mg in Vial - Powder for injection,Each,108
605,64204,Epoetin Beta  - 4000 IU - Injection,6,1500
606,1032,Erythromycin - 200mg/5ml - Oral Suspension,100ml,23061
607,56924,Erythropoietin Alpha - 4000IU/ml in Vial - Injection,Vial,1500
608,60746,ESR graduated pipette - from 0 to 195mm with 1mm subdivision,Pack/10,0
609,1975,Etoposide - 50mg - Capsule,10x10,36
610,54340,Etoposide - 50mg/2ml in 2ml Ampoule - Injection,Each,656
611,57266,Face Mask - Standard Adult Size,50,0
612,55230,Fentanyl - 0.05mg/ml in 2ml Ampoule - Injection,5,1394
613,53282,Ferrous Sulphate - 125mg/5ml - Syrup,200ml,10161
614,56425,Ferrous Sulphate - 325mg - Tablet,10x10,18448
615,56127,Filgrastim - 300mcg/0.5ml in 0.5ml Ampoule - Injection,5,342
616,55330,Filter Paper Qualitative Whatman - Grade 1 Diameter 150mm,100,813
617,54927,Flask Heat and Chemical Resistant - 250ml,Pcs,2735
618,56077,Flask Heat and Chemical Resistant - 500ml,Pcs,379
619,476,Flucinolone Acetonide - 0.025% - Cream,10gm,8400
620,1047,Fluconazole - 200mg - Tablet,10x10,1912
621,55995,Fluorouracil - 50mg/10ml in 10ml Ampoule - Injection,Each,3936
622,75,Fluoxetine - 20mg - Capsule,10x2,18398
623,54229,Fluphenazine Decanoate - 25 mg/ml in 1ml Ampoule - Injection (Depot.oily),10   ,500
624,1641,Folic Acid - 5mg - Tablet,10x10,4986
625,5848,Folinic Acid - 15mg - Tablet,10x10,113
626,55490,Folinic Acid - 50mg/5ml in 5ml Ampoule - Injection,Each,2526
627,39,Frusemide - 10mg/ml in 2ml Ampoule - Injection,10   ,28032
628,40,Frusemide - 40mg - Tablet,10x10,21922
629,58844,"Funnel - Glass, 100mm.",Each,0
630,51405,Funnel Glass - 100mmx100mm,Pcs,212
631,276,Fusidic Acid - 2% - Cream,15 gm,5745
632,64497,Gabapentine - 150mg - Tablet,10x3,452
633,56996,Gauze Bandage - 12.5cm x 5m,Dozen,22434
634,54807,Gauze Paraffin Sterile with Case - 10cm x 10cm,10   ,5526
635,53074,Gauze Surgical - 90cmx100m mesh size 19x15,Roll,64413
636,54740,Gemcitabine - 1gm in Vial - Powder for injection,Each,356
637,55232,Gentamicin - 0.30% - Eye Drop,10ml,72389
638,1125,Gentamicin - 40mg/2ml - Injection,10   ,16892
639,217,Glibenclamide - 5mg - Tablet,10x10,52464
640,55942,Glove Examination Latex Non Powdered - Medium,100,223665
641,60039,Glove Gynecological Examination(Elbow Glove) - No. 7.5,Pair,7631
642,56437,Glove Surgical  Latex Sterile Powder Free - No. 7.5,50 pairs,185000
643,56244,Glucose test strips - ,50tests,0
644,1858,Glycerin - 1g - Suppository ,5,2254
645,796,Glyceryl Trinitrate (Nitroglycerine) - 0.4mg - Tablet (Sublingual),100,200
646,66205,Goserelin Acetate - 10.8mg - Implant,Each,149
647,64512,Goserelin Acetate - 3.6mg - Implant,Each,55
648,60732,Graduated Measuring Cylinder - ,Pcs,564
649,60727,Graduated Measuring Cylinder - 100 ml,Pcs,287
650,1059,Griseofulvin - 250mg - Tablet,10x10,3625
651,2731,Haloperidol - 1.5mg - Tablet,10x10,3217
652,69,Haloperidol - 5mg - Tablet,10x10,3446
653,65,Haloperidol - 5mg/ml in 1ml Ampule - Injection,10x10,262
654,1361,Haloperidol Deconate - 50mg/ml in 1ml Ampoule - Injection (Depot.oily),5,987
655,54613,Halothane -  - Inhalation,250ml,1400
656,52049,"Hematocrite capilary tube - Length 75mm ID1.1-1.2mm, OD 1.5-1.6mmu",100,3348
657,63650,Heparin Sodium - 5000IU/ml in 5ml Ampoule - Injection,25,1436
658,35,Hydralazine - 20mg/ml in 1ml Ampoule - Injection,5,5430
659,41,Hydrochlorothiazide - 25mg - Tablet,10x10,48664
660,56018,Hydrocortisone Acetate - 1% - Topical Cream,15gm,25863
661,55893,Hydrocortisone Acetate - 1% - Topical Ointment,15gm,26507
662,5663,Hydrocortisone Sodium Succinate - 50mg/ml - Injection,Each,65180
663,63991,Hydroxyethyl Cellulose -  - Lubricant sterile Gel,82gm,6424
664,59205,Hydroxyurea (Hydroxycarbamide) - 500mg - Tablet,100,88
665,1870,Hyoscine (Scopolamine) Butylbromide - 10mg - Tablet,10x10,7228
666,55216,Ibuprofen - 100mg/5ml - Syrup,100ml,6438
667,113,Ibuprofen - 400mg - Tablet,10x10,60761
668,56890,Ifosfamide - 1gm in Vial - Powder for Injection with Mesna,Each,273
669,1313,Imipramine - 25mg - Tablet,10x10,3312
670,115,Indomethacin - 100mg - Suppository ,10   ,10343
671,366,Indomethacin - 25mg - Capsule,10x10,21487
672,55759,Insulin Isophane Human - 100IU/ml in 10ml Vial - Injection(Suspension),Each,134427
673,54880,Insulin Isophane Human - 100Units/ml in 10ml Via - Injection (Solution),Each,21078
674,54495,Insuline Isophane Biphasic (Soluble/Isophane Mixture) - (30 + 70)IU/ml in 10ml Vial - Injection(Suspension),Each,22706
675,64513,Intrathecal cytarabine - 100mg - Injection,Vial,29
676,53416,Intrathecal Hydrocortisone - 100mg - Injection,Vial,68
677,56886,Irinotecan HCl - 100mg/5ml - Injection,Each,329
678,56930,Iron Sucrose - 100mg/5ml - Injection,Ampoule,1500
679,52493,Isoflurane - 250ml - Inhalation,250ml,1255
680,56671,Ketamine HCL - 50 mg/ml in 10ml Ampoule - Injection,25,548
681,382,Ketoconazole - 2% - Cream,20 gm,52345
682,52102,Lamotrigine - 50mg - Tablet,10x10,780
683,54970,"L-Asparaginase - 5,000 IU - Injection",Each,330
684,54232,Latanoprost - 0.00005 - Eye Drop,5ml,780
685,53768,Lenalidomide - 10mg - Capsule,10x3,58
686,57511,Levodopa + Carbidopa - (250mg + 25mg) - Tablet,10x3,10144
687,3778,Lidocaine HCL - 2% in 20ml - Injection,25,2118
688,56679,"Lidocaine HCL + Adrenaline - (2%+1:200,000IU) in 20ml vial - Injection",25,1148
689,53165,Lithium Carbonate - 300mg - Capsule,100,435
690,619,Loratadine - 10mg - Tablet,10x10,3773
691,1906,Loratadine - 5mg/5ml - Syrup,100ml,5165
692,52350,Lorazepam - 1mg - Tablet,10x10,441
693,64499,Lorazepam - 1mg/ml - Injection,Each,109
694,56014,Mannitol - 20% in500ml Ampoule - Intravenous Infusion,500ml,2730
695,64482,Manual sucker - Plastic for Neonate,Each,398
696,1112,Mebendazole - 100mg - Tablet,40x6,8660
697,60040,Medicine Envelope - plastic,1000,1486
698,1991,Mercaptopurine - 50mg - Tablet,10x10,225
699,51287,meropenem - 1gm  - Injection,Each,9218
700,55082,Mersilk  Braided Black - Gauge 2.0(3/0) 75cm on  26mm 1/2 Circle Reverse Cutting Needle,Dozen,2822
701,59031,Mersilk  Braided Black - Gauge 2.0(3/0)75cm on 26mm 1/2 circle rounded bodied  needle,Dozen,1710
702,59048,Mersilk  Braided Black - Gauge 3.0(2/0) 75cm on 33mm 1/2 Circle Reverse Cutting Needle,Dozen,3579
703,55965,Mersilk  Braided Black - Gauge 3.0(2/0) 75cm on 33mm 1/2 Circle Round Bodied Needle,Dozen,2375
704,59047,Mersilk  Braided Black - Gauge 3.5(0) 75cm on 32 mm ½  Circle Round Bodied Needle,Dozen,562
705,56583,Mersilk  Braided Black - Gauge 3.5(0) 75cm on 32mm 1/2 circle cutting tapper Needle,Dozen,765
706,54838,Mersilk  Braided Black - Gauge 4.0(1) 75cm on 30mm 1/2 circle reverse cutting needle,Dozen,1424
707,55461,Mersilk  Braided Black - Gauge 4.0(1) 75cm on 30mm 1/2 Circle Round Bodied Needle,Dozen,1216
708,59049,Mersilk  Braided Black - Gauge 5.0(2) 75cm on 38mm 1/2 Circle Round Body Needle,Dozen,2375
709,55085,Mersilk  Braided Black - Gauge 6.0(3) 75cm on 40mm 1/2 Circle Round Bodied Needle,Dozen,359
710,59050,Mersilk  Braided Black - Gauge 6.0(3) 75cm on 40mm on  1/2 Circle Reverse Cutting Needle,Dozen,363
711,5679,Mesna - 100mg/ml in 4ml  - Injection,Ampoule,747
712,1577,Metformin - 500mg - Tablet,10x10,74462
713,64514,Methotrexate - 1000mg - Powder for injection,Each,74
714,1993,Methotrexate - 50mg - Powder for injection,Each,679
715,55092,Methotrexate - 5mg - Tablet,50,136
716,53706,Methyl predinisolone Sodium Succinate - 500mg - Injection,Vial,50
717,63653,Methyl Prednisolone - 1gm in Vial - Injection,Vial,40
718,54465,Methyl Prednisolone - 40mg/ml in 1ml Ampoule - Injection,Each,2601
719,36,Methyldopa - 250mg - Tablet,100x10,1056
720,12,Metoclopramide - 0.2mg/drop - Drop,15ml,31229
721,13,Metoclopramide - 10mg - Tablet,10x10,8338
722,1864,Metoclopramide - 5mg/5ml - Syrup,60ml,15063
723,2016,Metoclopramide - 5mg/ml in 2ml Ampoule - Injection,5,24057
724,54454,Metoprolol - 25mg - Tablet,14x2,11158
725,808,Metoprolol - 50mg - Tablet,14x2,7659
726,64500,Metoprolol Tartrate - 1mg/ml in 1ml Ampoule - Injection,Each,968
727,183,Metronidazole - 125mg/5ml - Oral Suspension,100ml,140287
728,184,Metronidazole - 250mg - Capsule,100x10,18464
729,55513,Metronidazole - 5mg/ml - Intarvenous Infusion,100ml,226334
730,264,Miconazole - 25mg/ml - Oral Gel,40gm,8149
731,1612,Miconazole Nitrate - 200mg - Tablet (Vaginal),6,1654
732,59499,Micro CC-20 Plus - Calibrator - ,3x2.5ml,17
733,59497,Micro CC-20 Plus - Cleaner - ,1L,169
734,59496,Micro CC-20 Plus - Diluent - ,20L,131
735,63804,Micro CC-20 Plus - Enzymatic Cleaner Concentrate - ,50ml,73
736,59495,Micro CC-20 Plus - Lyse - ,1L,117
737,59498,"Micro CC-20 Plus - Tri-Level (L,N,H) Control - ",3x2.5ml,33
738,64398,Micropipette Tip RNA free with filter 0.1-10ul - ,1000,0
739,60970,Micropipette Tips - 10-200µl - ,1000,525
740,60971,Micropipette Tips - 200-1000µl - ,1000,2858
741,60968,"Microscope Slide - 27x75mm, 1.2mm Thickness - Frosted - ",50,12017
742,55214,Mometasone Furoate - 0.001 - Cream,30gm,4147
743,2056,Morphine Sulphate - 10mg/ml - Injection,10   ,2434
744,3753,Morphine Sulphate - 20mg/5ml - Syrup,125ml,2890
745,751,Morphine Sulphate - 30mg - Tablet,10x5,1556
746,1636,MultiVitamin  -  - Syrup,120ml,25786
747,63636,Mycophenolate Mofetil - 250mg - Capsule,10x10,30
748,3835,Mycophenolate Mofetil - 500mg - Tablet,10x10,300
749,594,Naloxone HCL - 0.02mg/ml in 2ml Ampoule - Injection,Each,780
750,57334,Naso Gastric Tube Sterile - 12CH,Each,2208
751,57336,Naso Gastric Tube Sterile - 16CH,Each,11121
752,57337,Naso Gastric Tube Sterile - 18CH,Each,13812
753,57298,Naso Gastric Tube Sterile - 4CH,Each,29672
754,57338,Naso Gastric Tube Sterile - 6CH,Each,22287
755,57339,Naso Gastric Tube Sterile - 8CH,Each,13286
756,59094,Naso Gastric Tube Sterile Adult - 20CH,Each,1404
757,650,Neostigmine - 0.5mg/ml in 1ml Ampoule - Injection,10   ,1133
758,651,Neostigmine - 2.5mg/ml in 1ml Ampoule - Injection,10x5,318
759,64484,Nephrostomy Tube - 10Fr,Each,48
760,64485,Nephrostomy Tube - 12Fr,Each,53
761,356,Nifedipine - 20mg - Tablet,10x10,46831
762,52193,Nilotinib - 200mg - Capsule,7x4,180
763,55716,Nitrofurazone - 0.002 - Ointment,30gm,38871
764,1720,Norethindrone (Norethisterone) - 5mg - Tablet,30,382
765,144,Norfloxacin - 400mg - Tablet,10x10,20941
766,1316,Olanzapine - 5mg - Tablet,10x10,6060
767,54352,Omeperazole - 20 mg - Capsule (Enclosing Enteric Coated Granules),10x10,121615
768,56129,Omeperazole - 4mg/ml in 10ml - Injection,Each,39392
769,54227,Ondansetrone - 4mg/2ml - Injection,Each,2500
770,1997,Ondansetrone - 8mg - Tablet,10x3,580
771,55496,Oral Rehydration Salt - 20.7g for 1 Littre Preparation - Powder,Sachet,279204
772,55947,Oropharyngeal Airway (Guedel) Sterile - 120mm,Each,882
773,54810,Oropharyngeal Airway (Guedel) Sterile - 60mm,Each,1380
774,55451,Oropharyngeal Airway (Guedel) Sterile - 90mm,Each,1592
775,54351,Oxaliplatine - 50mg/10ml - Powder for injection,Each,452
776,60045,Oxygen Face Mask for - Adult,Each,4760
777,60044,Oxygen Face Mask for - Pediatric ,Each,2142
778,63857,Oxytetracycline HCl + Hydrocortisone Acetate + Polymixin B Sulphate - 5mg+15mg+ 10.000 Units in each ml - Eye/Ear drop,5ml,9141
779,53176,Paclitaxel - 100mg/16.7ml - Injection,Each,1734
780,56250,Pantoprazole - 40mg - Tablet (enteric coated),10x10,11355
781,363,Paracetamol - 120mg/5ml - Syrup,60ml,225293
782,54,Paracetamol - 125mg - Suppository ,20x5,16589
783,3823,Paracetamol - 500 mg - Tablet,100x10,25728
784,60974,"Pasteur Pipette – 3ml, Non-sterile, Plastic - ",500,1103
785,56481,Pasteur pipette plastic - Non sterile 3ml,500,1103
786,54225,"Penicillin G, Benzanthin - 2.4  MIU - Injection",100,996
787,1190,"Penicillin G, Sodium Crystalline - 1 MIU - Injection",100,498
788,55341,Permethrine - 0.05 - Cream,30gm,12300
789,394,Pethidine HCL - 50mg/ml in 1ml Ampoule - Injection,10   ,5140
790,54847,Phenobarbitone (Phenobarbital) - 100mg - Tablet,1000,9658
791,54718,Phenobarbitone (Phenobarbital) - 30mg - Tablet,1000,4803
792,55592,Phenytoin (Diphenhydantoin) Sodium - 100mg - Tablet,10x10,14835
793,57508,Phenytoin (Diphenhydantoin) Sodium - 250mg in Vial - Powder for injection,Each,304
794,54593,Phenytoin (Diphenhydantoin) Sodium - 50mg - Tablet,200,8105
795,255,Pilocarpine HCL - 4% - Eye Drop,15ml,2311
796,2624,Plaster Of Paris (P.O.P)  - 10cm x 3m,Dozen,3973
797,2626,Plaster Of Paris (P.O.P)  - 15 cm x 3m,Dozen,3187
798,59088,Polyamide Monofilament - Gauge 0.2 (10/0) 38cm on 6mm 3/8 Circle Spatula Single Armed Rounded Needle,Dozen,79
799,60042,Polyamide Monofilament - Gauge 0.3(9/0) 30cm on 6.5mm 3/8 Circle Spatula Single Armed Needle,Dozen,89
800,59040,Polyglycolic acid absorbable braided violet - Gauge 0.4(8/0) 45cm on 8mm 1/2 Circle Reverse Cutting Needle,Dozen,115
801,59036,Polyglycolic acid absorbable braided violet - Gauge 0.4(8/0) 45cm on 8mm 1/2 Circle Round Bodied Needle,Dozen,187
802,55195,Polyglycolic acid absorbable braided violet - Gauge 0.7(6/0) 30cm on 12mm  1/2 Circle cutting Tapper Needle,Dozen,124
803,59198,Polyglycolic acid absorbable braided violet - Gauge 0.7(6/0) 30cm on 12mm 1/2 Circle Round Bodied Needle,Dozen,74
804,55078,Polyglycolic acid absorbable braided violet - Gauge 1.0(5/0)75cm 0n 45mm 1/2 circle cutting  taper needle,Dozen,129
805,54700,Polyglycolic acid absorbable braided violet - Gauge 2.0(3/0) 75cm on 26mm 1/2 Circle Reverse Cutting Needle,Dozen,1794
806,55202,Polyglycolic acid absorbable braided violet - Gauge 2.0(3/0)75cm on 26mm 1/2 circle rounded bodied  needle,Dozen,1436
807,64488,Polyglycolic acid absorbable braided violet - Gauge 3.0(2/0) 75 cm on 27 mm 1/2 Circle Cutting Needle,Dozen,2481
808,54945,Polyglycolic acid absorbable braided violet - Gauge 3.0(2/0) 75cm on 35mm 1/2 Circle Round Bodied Needle,Dozen,3117
809,59042,Polyglycolic acid absorbable braided violet - Gauge 3.5(0) 75cm on 48mm 1/2 Circle Round Bodied Needle,Dozen,1120
810,59044,Polyglycolic acid absorbable braided violet - Gauge 4.0(1) 75 cm on 45 mm ½  Circle Round Bodied Needle,Dozen,1962
811,55084,Polyglycolic acid absorbable braided violet - Gauge 4.0(1) 75cm on 45mm 1/2 Circle Cutting Taper Heavy Needle,Dozen,1207
812,59082,Polyglycolic acid absorbable braided violet - Gauge 5.0(2) 75cm on 40mm ½  Circle Round Bodied Needle,Dozen,2840
813,55579,Polyglycolic acid absorbable braided violet - Gauge 5.0(2) 75cm on 40mm 1/2 circle cutting tapper needle,Dozen,925
814,5317,Potassium Chloride - 150mg/ml in 5ml ampoule - Injection,10   ,3042
815,234,Potassium Chloride - 600mg - Tablet,10x10,1865
816,509,Povidone Iodine - 10% - Solution,130ml,1705
817,195,Praziquantel - 600mg - Tablet,10x10,1393
818,208,Prednisolone - 5mg - Tablet,100x10,7760
819,251,Promethazine HCL - 25mg/ml in 2ml  - Injection,10x5,153
820,5399,Propofol - 10mg/ml in 20ml  - Injection,5,3769
821,904,Propranolol - 1mg/ml in 1ml Ampoule - Injection,10   ,181
822,825,Propranolol - 40mg - Tablet,10x10,6889
823,1573,Propylthiouracil - 100mg - Tablet,100,18824
824,211,Propylthiouracil - 50mg - Tablet,100,9646
825,57047,"Pump-Breast, Manual - 30ml",Each,0
826,5704,Quadriceps Bench - Quadriceps bench+accessories,Each,376
827,67418,Rabies vaccine inactivated ( freeze dried) - 2.5IU/ml - 1ml 1 dose vial with diluent ampule injection,Each,4755
828,60047,Rectal Tube Rubber With Terminal Size - 18CH,Each,587
829,54934,Rectal Tube Rubber With Terminal Size - 28CH,Each,1548
830,55953,Rectal Tube Rubber With Terminal Size - 30CH,Each,912
831,54626,Ringer's Solution - Each contains Na+ 147mEq + K+ 4mEq Cl-155mEq - Intravenous Infusion with Giving Set,1000ml,198384
832,1405,Risperidone - 2mg - Tablet,10x10,8319
833,1407,Risperidone - 4mg - Tablet,10x10,8015
834,53177,Rituximab - 500mg/50ml - Injection,Each,156
835,54873,Salbutamol (Albuterol) - 0.1mg/dose - Aerosol (Oral Inhalation),200metered doses,85666
836,49,Salbutamol (Albuterol) - 2mg/5ml - Syrup,100ml,12513
837,436,Salbutamol (Albuterol) - 4mg - Tablet,10x10,5204
838,60972,"Sealer - Capillary Tube, 2mm Thickness - ",2x5mm,2034
839,55550,Serology -  Anti Nucliec Antibody (ANA) - ,50tests,63
840,54797,Serology -  Pregnancy Test Strip - ,50tests,13590
841,54798,"Serology - Alfa Feto Protein (AFP), Cassette - ",40tests,20
842,56061,"Serology - Anti-A, Anti-B, Anti-D Monoclonal Antibody - ",3x10ml,5344
843,57433,Serology - Anti-Human Globulin (Coombs') Test - ,10ml,131
844,56062,Serology - Anti-streptolysin O Antibody (ASO) - ,50tests,430
845,54675,Serology - C-Reactive Protein (CRP) Test Cassette - ,50tests,285
846,54676,"Serology - Cryptococcal Reagent, Latex Agglutination Test - ",50tests,132
847,54678,Serology - Helicobacter Pylori (H.Pylori) Antibody Test Strip - ,50tests,2712
848,55287,Serology - Hepatitis BsAg Test Cassette - ,30tests,4935
849,56755,Serology - Hepetitis C Ab   Test Casett - ,40tests,4875
850,60963,Serology - Prostate Specific Antigen Test Cassette - ,25tests,44
851,57071,"Serology - Proteus OX-19 Antigen, 5ml - ",5ml,5490
852,56406,Serology - Rapid Plasma Reagin-RPR Test Cassette - ,100 tests,4965
853,54407,Serology - Rheumatoid Factor (RF) Slide Test - ,50tests,1417
854,63992,Serology - Salmonella Typhi ''H'' + Salmonella Typhi ''O'' Antigen Test Cassette - ,25,9707
855,54408,Serology - Treponema Pallidium Haema Agglutination (TPHA) Test - ,50tests,59
856,60962,Serology - Troponin Test Cassette - ,20tests,100
857,1314,Sertaline HCL - 50mg - Tablet,10x10,1223
858,55095,Snake Venom Antiserum Polyvalent -  - Injection,10ml,1849
859,54977,"Soda Lime, Carbon Dioxide Adsorbent -  - Aerosol",4.5kg,498
860,52189,Sodium Bicarbonate - 8.4%w/v in 25ml ampoule - Injection,Each,572
861,54883,Sodium Chloride (Normal Saline) - 0.009 - Intravenous Infusion with Giving Set,1000ml,762390
862,56150,Sodium Cromoglycate - 0.02 - Eye drop (Solution),10ml,1670
863,63862,Sodium Hypochlorite 0.05% - Environmental Disinfectant - ,1000ml,1967
864,1442,Sodium Valproate - 200mg - Tablet,10x10,14269
865,1444,Sodium Valproate - 200mg/5ml - Syrup,300ml,1079
866,1443,Sodium Valproate - 500mg - Tablet,100,2888
867,59057,Spinal Needle  8cm - 22G,Each,8813
868,59058,Spinal Needle  8cm - 23G,Each,7576
869,59059,Spinal Needle  8cm - 24G,Each,7596
870,64489,Spinal Needle  8cm - 25G with Guider needle(Trochay),Each,1614
871,43,Spironolactone - 25mg - Tablet,10x10,12462
872,4263,Stool Specimen Container - Disposable of Polypropylene with Cover,500,3718
873,54214,Sulphamethoxazole + Trimethoprim - (200mg + 40mg)/5ml - Suspension,100ml,205001
874,54457,Sulphamethoxazole + Trimethoprim - (400mg + 80mg) - Tablet,100x10,3065
875,734,Sulphur - 10% - Ointment,50gm,2564
876,1415,Sumatriptan - 50mg - Tablet,10   ,507
877,55582,Surgical Scalpel Blade  - No.10,100,508
878,57342,Surgical Scalpel Blade  - No.15,100,1076
879,54840,Surgical Scalpel Blade  - No.22,100,2620
880,55465,Surgical Scalpel Blade  - No.24,100,6682
881,54870,Suxamethonium Chloride (Succinylcholine) - 50mg/ml in 10ml Vial - Powder for injection,25,498
882,55059,Syringe (Disposable) - 10ml with needle 21G,100,45000
883,54564,Syringe (Disposable) - 20ml with Needle 21G,50,3069
884,54431,Syringe (Disposable) - 3ml with Needle 21G,100,22000
885,55192,Syringe (Disposable) - 50ml with Needle 21G,25,1066
886,54811,Syringe (Disposable) - 5ml with needle 21G ,100,62844
887,60054,Syringe Dental of metal - 2.5ml,100,33
888,66227,Syringe Insulin (Disposable) - 1ml on 4mm with Fixed Needle 32G,100,3695
889,55448,Syringe Insulin (Disposable) - 1ml on 6mm with Fixed Needle 30G,100,15800
890,59564,Sysmex XN-550 - Calibrator - ,3x3ml,13
891,59489,Sysmex XN-550 - Cell Clean - ,50ml,46
892,59486,Sysmex XN-550 - Cell Pack - ,10L,453
893,59491,Sysmex XN-550 - Check Level 1 - ,3ml,333
894,59492,Sysmex XN-550 - Check Level 2 - ,3ml,333
895,59493,Sysmex XN-550 - Check Level 3 - ,3ml,333
896,59490,Sysmex XN-550 - Fluoro cell WDF - ,Each,119
897,59488,Sysmex XN-550 - Lyser cell WDF - ,2 Liter,140
898,59487,Sysmex XN-550 - Sulfolyser - ,500ml,77
899,3836,Tacrolimus - 0.5mg - Capsule,100,240
900,3837,Tacrolimus - 1mg - Capsule,10x10,400
901,5686,Tamoxifen Citrate - 20mg - Tablet,10x3,2925
902,64501,Tamsulosin - 0.4mg - Tablet,10x10,403
903,331,Tenofovir Disproxil Fumerate - 300mg - Tablet,30,2088
904,55991,"Tetanus Antitoxin (TAT), Equine - 1,500 IU/ml in 1ml Ampoule - Injection",20,9522
905,54745,Tetracycline - 0.03 - Skin Ointment ,15gm,32313
906,262,Tetracycline - 1% - Eye Ointment,4gm,219112
907,53747,Thalidomide - 50mg - Capsule,100,116
908,97,Thiopental Sodium - 0.5 g - Powder for injection,50,242
909,72,Thioridazine HCL - 100mg - Tablet,100x10,515
910,472,Thioridazine HCL - 25mg - Tablet,100x10,132
911,50685,Thymoglobuline - 25mg/5ml - Injection,Each,15
912,212,Thyroxine Sodium - 0.05mg - Tablet,100,1647
913,213,Thyroxine Sodium - 0.1mg - Tablet,100,2477
914,57524,Timolol Maleate - 0.50% - Eye Drop,5ml,9532
915,185,Tinidazole - 500 mg - Tablet,60x4,8902
916,56639,Tissue Paper for Lense Cleaning - ,Pack/100,822
917,2501,Tongue Depressor - wooden,50,4733
918,55934,Tourniquet of Double Belt - ,Each,1430
919,64492,Tracheostomy Tube - 6.5 mm with 90 curvature armoured with low Pressure Cuff Universal inflation funnel and pilot balloon,Each,90
920,64493,Tracheostomy Tube - 7.5 mm with 90 curvature armoured with low Pressure Cuff Universal inflation funnel and pilot balloon metallic,Each,203
921,64494,Tracheostomy Tube - 8 mm with 90 curvature armoured with low Pressure Cuff Universal inflation funnel and pilot balloon metallic,Each,172
922,65790,Tracheostomy Tube - Plastic With 90 Degree Curvature Size 6,Each,155
923,59034,Tracheostomy Tube - with 90 degree curvature size 3.0,Each,193
924,59037,Tracheostomy Tube - with 90 degree curvature size 4.5,Each,183
925,59217,Tracheostomy Tube Metallic - with 90 degree curvature size 7.0,Each,167
926,54853,Tramadol HCl - 50mg - Capsule,10x10,32775
927,55603,Tramadol HCl - 50mg/ml in 2ml Ampoule - Injection,10   ,69897
928,52924,Tranexamic Acid - 500 mg - Tablet,10x10,44
929,209,Triamcinolone Acetonide - 40mg/ml in Vial - Injection,Each,2420
930,1436,Trifluoperazine HCL - 1mg - Tablet,10x10,478
931,1437,Trifluoperazine HCL - 5mg - Tablet,10x10,651
932,56489,Ultrasound Paper - ,Roll,349
933,2644,Umblical - Clamp 5.3cm Sterile,Each,43959
934,56655,Umblical Cord Tie - 6mm x 24.5m,Each,13303
935,59563,UniCel DxH  Slide Maker Stainer - SMS Slides - ,1440,0
936,59561,UniCel DxH  Slide Maker Stainer - TruColor Wright Stain - ,4x2L,2
937,59562,UniCel DxH  Slide Maker Stainer - TruColor Wright Stain Buffer - ,4x2L,2
938,59536,UniCel DxH 800 - Body Fluid Control - ,12x3.3ml,9
939,59539,UniCel DxH 800 - Calibrator Kit - ,3.3ml,5
940,59535,UniCel DxH 800 - Cell Control - ,12x3.3ml,15
941,59527,UniCel DxH 800 - Cell Lyse - ,5L,64
942,59532,UniCel DxH 800 - Cleaner - ,5L,79
943,59529,UniCel DxH 800 - Diff Pack - ,3L,70
944,59522,UniCel DxH 800 - Diluent - ,10L,758
945,59537,UniCel DxH 800 - LATRON CP-X Control - ,3.3ml,11
946,59531,UniCel DxH 800 - Retic Pack - ,5L,23
947,59538,UniCel DxH 800 - Retic-X Cell Control - ,12x3.3ml,10
948,59894,Unicel DxI 800 - Alfa Feto Protein (AFP) - ,2x50tests,2
949,59899,Unicel DxI 800 - Beta Human Chorionic Gonadotropin (BHCG) - ,2x50tests,3
950,59967,Unicel DxI 800 - Breast Monitor Cancer Antigen 15-3 (CA-15-3) - ,2x50tests,1
951,59968,Unicel DxI 800 - Breast Monitor Cancer Antigen 15-3 Control - ,6x1.5ml,0
952,59897,Unicel DxI 800 - Cancer Antigen 125 (CA-125) - ,2x50tests,3
953,59838,Unicel DxI 800 - Cancer Antigen 125 (CA-125) Calibrator - ,6x4ml,1
954,59893,Unicel DxI 800 - Carcino Embryonic Antigen (CEA) - ,2x50tests,4
955,59835,Unicel DxI 800 - Carcino Embryonic Antigen (CEA) Calibrator - ,6x4ml,1
956,59824,"Unicel DxI 800 - Cardiac Marker Control (Level 1,2,3) - ",6x3ml,8
957,59906,Unicel DxI 800 - Cortisol - ,2x50tests,1
958,59857,Unicel DxI 800 - Cortisol Calibrator - ,6x4ml,1
959,59839,Unicel DxI 800 - Creatinine Kinase CK-MB Mass Calibrator - ,6x4ml,1
960,59903,Unicel DxI 800 - Estradiol (E2) - ,2x50tests,28
961,59845,Unicel DxI 800 - Estradiol Calibrator - ,6x4ml,1
962,59892,Unicel DxI 800 - Ferritin - ,2x50tests,15
963,59834,Unicel DxI 800 - Ferritin Calibrator - ,6x4ml,1
964,59833,Unicel DxI 800 - Folate Calibrator - ,6x4ml,1
965,59901,Unicel DxI 800 - Follicle Stimulating Hormone (FSH) - ,2x50tests,1
966,59843,Unicel DxI 800 - Follicle Stimulating Hormone (FSH) Calibrator - ,6x4ml,1
967,59841,Unicel DxI 800 - Human Chorionic Gonadotropin (HCG) Calibrator - ,6x4ml,1
968,59822,"Unicel DxI 800 - Immunoassay Plus Control (Level 1,2,3) - ",12x5ml,0
969,59900,Unicel DxI 800 - Luteinizing Hormone (LH) - ,2x50tests,1
970,59842,Unicel DxI 800 - Luteinizing Hormone (LH) Calibrator - ,6x4ml,1
971,59904,Unicel DxI 800 - Progesterone - ,2x50tests,1
972,59854,Unicel DxI 800 - Progesterone Calibrator - ,6x4ml,1
973,59902,Unicel DxI 800 - Prolactin (PRL) - ,2x50tests,2
974,59844,Unicel DxI 800 - Prolactin Calibrator - ,6x4ml,1
975,59837,"Unicel DxI 800 - Prostate Specific Antigen, Free (PSA-F) Calibrator - ",5ml,1
976,59836,"Unicel DxI 800 - Prostate Specific Antigen, Total (PSA-T) Calibrator - ",6x4ml,1
977,59896,Unicel DxI 800 - Prostate Specific Antigen-Free (PSA-F) - ,2x50tests,8
978,59895,Unicel DxI 800 - Prostate Specific Antigen-Total (PSA-T) - ,2x50tests,10
979,59891,Unicel DxI 800 - Serum and RBC Folate - ,2x50tests,2
980,63318,Unicel DxI 800 - Technopath Multi Level - ,6ml,0
981,59905,Unicel DxI 800 - Testosterone Total - ,2x50tests,2
982,59907,Unicel DxI 800 - Thyroid Stimulating Hormone (TSH) - ,2x50tests,9
983,59853,Unicel DxI 800 - Thyroid Stimulating Hormone (TSH) Calibrator - ,6x4ml,1
984,59909,Unicel DxI 800 - Thyroxine (T4) - ,2x50tests,6
985,59859,Unicel DxI 800 - Thyroxine (T4) Calibrator - ,6x4ml,1
986,59910,Unicel DxI 800 - Thyroxine-Free (FT4) - ,2x50tests,8
987,59861,Unicel DxI 800 - Thyroxine-Free (FT4) Calibrator - ,6x4ml,1
988,59856,Unicel DxI 800 - Total Testosterone Calibrator - ,6x4ml,2
989,59911,Unicel DxI 800 - Triiodothyronine (T3) - ,2x50tests,6
990,59858,Unicel DxI 800 - Triiodothyronine (T3) Calibrator - ,6x4ml,1
991,59908,Unicel DxI 800 - Triiodothyronine-Free (FT3) - ,2x50tests,7
992,59860,Unicel DxI 800 - Triiodothyronine-Free (FT3) Calibrator - ,6x4ml,1
993,59840,Unicel DxI 800 - Troponin Calibrator - ,6x4ml,1
994,59898,Unicel DxI 800 - Troponin I - ,2x50tests,5
995,59823,"Unicel DxI 800 - Tumor Marker Control (Level 1,2,3) - ",6x2ml,0
996,59890,Unicel DxI 800 - Vitamin B12 - ,2x50tests,3
997,59826,Unicel DxI 800 - Vitamin B12 Calibrator - ,6x4ml,1
998,55440,Urine Collecting Bag PVC Latex Product - 1000ml,Each,106707
999,63441,"Urine Cup - Plastic, 40ml - ",500,478
1000,55553,"Urine Dipstick 10 Parameters (Blood, Billirubin, Urobiligen, Ketone, Protein, Nitrite, Glucose, PH, Specific Gravity, Leucocytes) - ",100tests,7232
1001,56531,Vacutainer Blood Collection Tube - with citrated anticoagulant blue top 4ml Plastic,100,1551
1002,56530,Vacutainer Blood Collection Tube - with EDTA anticoagulant purple top 4ml Plastic,100,7600
1003,56172,Vacutainer Blood Collection Tube - with vacuum red top 10ml,100,2992
1004,57056,"Vacutainer Needle - Multiple Blood Sampling, 21G - ",100,3701
1005,56175,Vacutainer serum separator tube - with yellow top 5ml,100,2744
1006,56974,Vacutatiner Needle Holder - ,500,626
1007,54851,Valganciclovir HCl - 450mg - Tablet,10   ,170
1008,57498,Vancomycine - 1gm in Vial - Injection,Each,61175
1009,54344,Vecuronium Bromide - 10 mg in vial - Powder for injection,Each,14553
1010,55499,Vinblastine Sulphate - 1mg/ml in 10ml Vial - Powder for injection,Each,170
1011,5404,Vincristine Sulphate - 2mg - Powder for injection,Each,1240
1012,464,Vitamin B Complex Preparations -  - Injection,10x10,4794
1013,54726,Vitamin B1 + Vitamin B6 + Vitamin B12 - (100mg + 100mg +1000mcg) - Injection,3,7028
1014,55595,Vitamin B1 + Vitamin B6 + Vitamin B12 - (100mg + 200mg + 1000mcg) - Tablet,10x10,7461
1015,228,Warfarin Sodium - 5mg - Tablet,100,2838
1016,57460,Wash Bottle Plastic - 500ml,Pcs,447
1017,433,Water For Injection - 10ml - Injection,20x5,2838
1018,57027,White Blood Cell (WBC) Thoma Pipette - ,Pcs,473
1019,54215,White Petrolatum -  - Ointment,50gm,8200
1020,57213,X-Ray Film Developr to Make 10 Liters - ,10sachets,436
1021,57216,X-Ray Film Fixer to Make 10 Liters - ,10sachets,436
1022,57214,"X-Ray Film, 13cm X 18cm - ",100,121
1023,57215,"X-Ray Film, 15cm X 40cm - ",100,293
1024,57206,"X-Ray Film, 18cm X 24cm - ",100,105
1025,57592,"X-Ray Film, 20cm X 40cm - ",100,505
1026,57207,"X-Ray Film, 24cm X 30cm - ",100,402
1027,57208,"X-Ray Film, 30cm X 40cm - ",100,110
1028,57209,"X-Ray Film, 35cm X 35cm - ",100,411
1029,57218,"X-Ray Film, 35cm X 43cm - ",100,715
1030,512,Xylometazoline HCL  - 0.1% - Solution Nasal Drops,10 ml,6594
1031,55608,Zoledronic acid  - 4mg/5ml in 5ml Ampoule - Injection,Each,126